,Ciudad,Ponderado
0,Madrid,0.6885079425742969
1,Mallorca,0.44773262264834546
2,Salamanca,0.3886959090044172
